"case_id","article_id","title","doi","判定","推荐对象","阅读用途","主要理由","待核对问题","事实问题","把握程度","评判者","评判日期","是否先看到助手建议"
"PR-01","pxq14jdkuf5kqle82xx41b22x","ESpma: A method for assessing biological/non-biological interfaces using point-clouds-based structural features and protein language models.","10.1002/pro.70790","","","","","","","","","",""
"PR-02","kdqmz00u8p27tcsk1oxhso7dd","Deep Learning-Based Quantification of Spontaneous Pain Behaviours in Mice.","10.1002/ejp.70391","","","","","","","","","",""
"PR-03","iij8nfcmb3wefwhn10z3k3twx","Securidaca inappendiculata Extract Mitigates Joint Damage in Collagen-Induced Arthritis Rats Through Modulation of the SIRT1/HIF-1α/Glycolysis Pathway.","10.1002/prp2.70320","","","","","","","","","",""
"PR-04","hmqc097h2d20msc9fcfh3o5x0","In silico designing of small molecules for targeting RNA: current landscape and future directions.","10.1007/s10822-026-00950-y","","","","","","","","","",""
"PR-05","gsy9gp2tep6nf2wksbtkqvk5w","The Role of Natural Products in Ameliorating Mitochondrial Dysfunction in Diabetic Kidney Disease and the Underlying Mechanisms.","10.2174/0113895575476248260922073914","","","","","","","","","",""
"PR-06","t0hb8y6pz3phly35lz5qng2tr","Traditional Chinese medicine for Helicobacter pylori infection in the antibiotic-resistance era: Ethnopharmacological evidence, mechanisms, and Host-Pathogen modulation.","10.1016/j.jep.2026.122450","","","","","","","","","",""
"PR-07","a2ohmrj8z30yt7zgzxgu8wl75","GNPS-guided discovery of eremophilane sesquiterpenoids from Penicillium roqueforti and their phytotoxic activities.","10.1016/j.phytochem.2026.115096","","","","","","","","","",""
"PR-08","qwq4lp3wylixhgfyby549jx7a","Structural characterization of an RG-II-associated complex pectic polysaccharide from Typha angustifolia pollen with dendritic cell-modulating activity.","10.1186/s13020-026-01515-9","","","","","","","","","",""
"PR-09","qmb8svedhu0ozgma3gbv2iq97","Shenhuang Granules regulate the NLRP3/Caspase-1/GSDMD pathway to alleviate pyroptosis of pulmonary microvascular endothelial cells.","10.1016/j.jep.2026.122441","","","","","","","","","",""
"PR-10","xgtp6glsh1ehrwzid5ed224eq","Machine Learning-Driven Identification of Therapeutic Checkpoints in Rheumatoid Arthritis: A Network-Based Approach to Discover Resolution- Promoting Agents","10.21203/rs.3.rs-11128426/v1","","","","","","","","","",""
"PR-11","voj8m1d3cboibo60xc6wip81c","AnewDDE: An Agentic Drug Discovery Engine for Biomolecular Interaction Modelling and Closed-Loop Design","10.64898/2026.09.20.752967","","","","","","","","","",""
"PR-12","q95samc0cxcb9xogxqo3pt7ci","Suppressor tRNA rescues cystic fibrosis","10.1038/d41573-026-00153-y","","","","","","","","","",""
"PR-13","kv172rwphftkulorgvzimu3sk","Efficacy and Safety of Crisugabalin for Inadequately Controlled Diabetic Peripheral Neuropathic Pain: A Randomized, Active-Controlled, Phase 2 Trial.","10.1111/dom.71401","","","","","","","","","",""
"PR-14","oad6ge1kbaj0aqvkxxkdgrv14","FAYUVI approval: verify the FDA indication and approval date","10.1038/d41573-026-00160-z","","","","","","","","","",""
